,SettlementPoints,Year,Month,Average Price
0,HB_BUSAVG,2016,01,19.209301075268815
1,HB_BUSAVG,2016,02,15.28824712643678
2,HB_BUSAVG,2016,03,16.755625841184386
3,HB_BUSAVG,2016,04,18.28934722222222
4,HB_BUSAVG,2016,05,18.159583333333334
5,HB_BUSAVG,2016,06,23.909819444444445
6,HB_BUSAVG,2016,07,27.187473118279573
7,HB_BUSAVG,2016,08,30.56713709677419
8,HB_BUSAVG,2016,09,26.861750000000004
9,HB_BUSAVG,2016,10,25.20483870967742
10,HB_BUSAVG,2016,11,19.244902777777778
11,HB_BUSAVG,2016,12,25.3183064516129
12,HB_BUSAVG,2017,01,23.252782258064517
13,HB_BUSAVG,2017,02,20.11782738095238
14,HB_BUSAVG,2017,03,22.569892328398385
15,HB_BUSAVG,2017,04,23.705083333333334
16,HB_BUSAVG,2017,05,25.087352150537633
17,HB_BUSAVG,2017,06,27.66915277777778
18,HB_BUSAVG,2017,07,31.454274193548386
19,HB_BUSAVG,2017,08,27.50701612903226
20,HB_BUSAVG,2017,09,24.184166666666666
21,HB_BUSAVG,2017,10,23.563279569892476
22,HB_BUSAVG,2017,11,22.677458333333334
23,HB_BUSAVG,2017,12,21.18795698924731
24,HB_BUSAVG,2018,01,37.869677419354836
25,HB_BUSAVG,2018,02,21.854315476190475
26,HB_BUSAVG,2018,03,22.56197846567968
27,HB_BUSAVG,2018,04,23.142958333333333
28,HB_BUSAVG,2018,05,34.00524193548387
29,HB_BUSAVG,2018,06,29.966125
30,HB_BUSAVG,2018,07,78.85944892473117
31,HB_BUSAVG,2018,08,31.66155913978495
32,HB_BUSAVG,2018,09,27.175444444444445
33,HB_BUSAVG,2018,10,29.957822580645164
34,HB_BUSAVG,2018,11,30.6445
35,HB_BUSAVG,2018,12,30.268185483870965
36,HB_BUSAVG,2019,01,24.59256720430108
37,HB_BUSAVG,2019,02,21.18636904761905
38,HB_BUSAVG,2019,03,27.565720053835804
39,HB_BUSAVG,2019,04,22.61318055555556
40,HB_BUSAVG,2019,05,23.959932795698922
41,HB_BUSAVG,2019,06,25.085541666666668
42,HB_BUSAVG,2019,07,29.729623655913983
43,HB_BUSAVG,2019,08,126.38408602150537
44,HB_BUSAVG,2019,09,79.615625
45,HB_BUSAVG,2019,10,28.247056451612906
46,HB_BUSAVG,2019,11,23.468374999999998
47,HB_BUSAVG,2019,12,18.71508064516129
48,HB_HOUSTON,2016,01,19.565725806451614
49,HB_HOUSTON,2016,02,15.464540229885056
50,HB_HOUSTON,2016,03,17.124952893674294
51,HB_HOUSTON,2016,04,18.94095833333333
52,HB_HOUSTON,2016,05,19.174086021505378
53,HB_HOUSTON,2016,06,26.25573611111111
54,HB_HOUSTON,2016,07,29.538924731182796
55,HB_HOUSTON,2016,08,32.97254032258064
56,HB_HOUSTON,2016,09,28.742416666666667
57,HB_HOUSTON,2016,10,28.2495564516129
58,HB_HOUSTON,2016,11,20.365930555555558
59,HB_HOUSTON,2016,12,25.727661290322576
60,HB_HOUSTON,2017,01,24.781854838709673
61,HB_HOUSTON,2017,02,23.265714285714285
62,HB_HOUSTON,2017,03,28.213297442799462
63,HB_HOUSTON,2017,04,32.29573611111111
64,HB_HOUSTON,2017,05,31.533172043010754
65,HB_HOUSTON,2017,06,33.16834722222222
66,HB_HOUSTON,2017,07,34.37583333333333
67,HB_HOUSTON,2017,08,29.401720430107527
68,HB_HOUSTON,2017,09,26.54294444444444
69,HB_HOUSTON,2017,10,30.141236559139788
70,HB_HOUSTON,2017,11,26.091055555555553
71,HB_HOUSTON,2017,12,21.549005376344084
72,HB_HOUSTON,2018,01,37.94478494623656
73,HB_HOUSTON,2018,02,22.16410714285714
74,HB_HOUSTON,2018,03,23.782543741588157
75,HB_HOUSTON,2018,04,24.652694444444442
76,HB_HOUSTON,2018,05,34.14755376344086
77,HB_HOUSTON,2018,06,30.628486111111116
78,HB_HOUSTON,2018,07,79.03404569892473
79,HB_HOUSTON,2018,08,31.944247311827958
80,HB_HOUSTON,2018,09,27.581361111111114
81,HB_HOUSTON,2018,10,30.981935483870963
82,HB_HOUSTON,2018,11,31.31923611111111
83,HB_HOUSTON,2018,12,30.33354838709678
84,HB_HOUSTON,2019,01,25.426034946236562
85,HB_HOUSTON,2019,02,21.5078125
86,HB_HOUSTON,2019,03,27.832032301480485
87,HB_HOUSTON,2019,04,23.870652777777778
88,HB_HOUSTON,2019,05,24.794274193548386
89,HB_HOUSTON,2019,06,26.897680555555556
90,HB_HOUSTON,2019,07,29.911008064516132
91,HB_HOUSTON,2019,08,126.62533602150538
92,HB_HOUSTON,2019,09,80.58765277777778
93,HB_HOUSTON,2019,10,30.393602150537635
94,HB_HOUSTON,2019,11,24.0215
95,HB_HOUSTON,2019,12,18.6725
96,HB_HUBAVG,2016,01,19.25869623655914
97,HB_HUBAVG,2016,02,15.269252873563218
98,HB_HUBAVG,2016,03,16.654347240915207
99,HB_HUBAVG,2016,04,18.16686111111111
100,HB_HUBAVG,2016,05,18.247002688172042
101,HB_HUBAVG,2016,06,24.297847222222224
102,HB_HUBAVG,2016,07,27.45920698924731
103,HB_HUBAVG,2016,08,30.948534946236556
104,HB_HUBAVG,2016,09,27.188138888888886
105,HB_HUBAVG,2016,10,25.769059139784947
106,HB_HUBAVG,2016,11,19.489305555555557
107,HB_HUBAVG,2016,12,25.362594086021506
108,HB_HUBAVG,2017,01,23.325551075268816
109,HB_HUBAVG,2017,02,20.352127976190474
110,HB_HUBAVG,2017,03,23.233230148048452
111,HB_HUBAVG,2017,04,24.830486111111114
112,HB_HUBAVG,2017,05,25.90502688172043
113,HB_HUBAVG,2017,06,28.513847222222218
114,HB_HUBAVG,2017,07,31.86440860215054
115,HB_HUBAVG,2017,08,27.83861559139785
116,HB_HUBAVG,2017,09,24.519694444444443
117,HB_HUBAVG,2017,10,24.701451612903227
118,HB_HUBAVG,2017,11,23.16713888888889
119,HB_HUBAVG,2017,12,21.209852150537632
120,HB_HUBAVG,2018,01,37.7730376344086
121,HB_HUBAVG,2018,02,21.830059523809524
122,HB_HUBAVG,2018,03,22.40343203230148
123,HB_HUBAVG,2018,04,22.450305555555556
124,HB_HUBAVG,2018,05,32.834852150537635
125,HB_HUBAVG,2018,06,29.78186111111111
126,HB_HUBAVG,2018,07,78.8323252688172
127,HB_HUBAVG,2018,08,31.694583333333334
128,HB_HUBAVG,2018,09,27.05302777777778
129,HB_HUBAVG,2018,10,29.889112903225808
130,HB_HUBAVG,2018,11,30.277208333333327
131,HB_HUBAVG,2018,12,30.191989247311827
132,HB_HUBAVG,2019,01,24.68340053763441
133,HB_HUBAVG,2019,02,21.25063988095238
134,HB_HUBAVG,2019,03,27.189030955585462
135,HB_HUBAVG,2019,04,22.221166666666665
136,HB_HUBAVG,2019,05,23.88376344086021
137,HB_HUBAVG,2019,06,25.17154166666667
138,HB_HUBAVG,2019,07,29.696236559139784
139,HB_HUBAVG,2019,08,126.34983870967741
140,HB_HUBAVG,2019,09,79.45919444444445
141,HB_HUBAVG,2019,10,28.13176075268817
142,HB_HUBAVG,2019,11,23.25723611111111
143,HB_HUBAVG,2019,12,18.623373655913976
144,HB_NORTH,2016,01,19.133306451612903
145,HB_NORTH,2016,02,15.29265804597701
146,HB_NORTH,2016,03,16.859367429340512
147,HB_NORTH,2016,04,18.350666666666665
148,HB_NORTH,2016,05,17.905631720430108
149,HB_NORTH,2016,06,23.158055555555556
150,HB_NORTH,2016,07,26.800793010752688
151,HB_NORTH,2016,08,29.828387096774193
152,HB_NORTH,2016,09,26.249180555555554
153,HB_NORTH,2016,10,24.005255376344085
154,HB_NORTH,2016,11,18.66488888888889
155,HB_NORTH,2016,12,25.14904569892473
156,HB_NORTH,2017,01,22.99185483870968
157,HB_NORTH,2017,02,19.448199404761905
158,HB_NORTH,2017,03,21.22777927321669
159,HB_NORTH,2017,04,21.410555555555558
160,HB_NORTH,2017,05,23.419919354838708
161,HB_NORTH,2017,06,25.890569444444445
162,HB_NORTH,2017,07,30.65431451612903
163,HB_NORTH,2017,08,26.83272849462365
164,HB_NORTH,2017,09,23.346111111111114
165,HB_NORTH,2017,10,21.405900537634412
166,HB_NORTH,2017,11,21.596208333333333
167,HB_NORTH,2017,12,20.952997311827957
168,HB_NORTH,2018,01,37.58590053763441
169,HB_NORTH,2018,02,21.76702380952381
170,HB_NORTH,2018,03,22.608008075370122
171,HB_NORTH,2018,04,23.522916666666667
172,HB_NORTH,2018,05,35.30614247311828
173,HB_NORTH,2018,06,30.21188888888889
174,HB_NORTH,2018,07,78.96845430107527
175,HB_NORTH,2018,08,31.60305107526882
176,HB_NORTH,2018,09,27.29963888888889
177,HB_NORTH,2018,10,30.034166666666664
178,HB_NORTH,2018,11,31.234888888888893
179,HB_NORTH,2018,12,30.398266129032255
180,HB_NORTH,2019,01,24.33263440860215
181,HB_NORTH,2019,02,20.864955357142858
182,HB_NORTH,2019,03,28.103714670255723
183,HB_NORTH,2019,04,22.99740277777778
184,HB_NORTH,2019,05,23.978884408602152
185,HB_NORTH,2019,06,25.17581944444444
186,HB_NORTH,2019,07,29.781290322580645
187,HB_NORTH,2019,08,126.52185483870967
188,HB_NORTH,2019,09,79.91958333333334
189,HB_NORTH,2019,10,27.995967741935484
190,HB_NORTH,2019,11,23.62861111111111
191,HB_NORTH,2019,12,18.73198924731183
192,HB_SOUTH,2016,01,19.210053763440857
193,HB_SOUTH,2016,02,15.333591954022989
194,HB_SOUTH,2016,03,16.76310901749664
195,HB_SOUTH,2016,04,18.51290277777778
196,HB_SOUTH,2016,05,18.57045698924731
197,HB_SOUTH,2016,06,24.645375
198,HB_SOUTH,2016,07,26.960255376344087
199,HB_SOUTH,2016,08,31.207970430107526
200,HB_SOUTH,2016,09,27.405569444444446
201,HB_SOUTH,2016,10,26.689663978494625
202,HB_SOUTH,2016,11,20.148833333333332
203,HB_SOUTH,2016,12,25.70899193548387
204,HB_SOUTH,2017,01,23.62481182795699
205,HB_SOUTH,2017,02,21.079360119047617
206,HB_SOUTH,2017,03,23.68075370121131
207,HB_SOUTH,2017,04,25.609402777777778
208,HB_SOUTH,2017,05,26.495013440860216
209,HB_SOUTH,2017,06,29.654694444444445
210,HB_SOUTH,2017,07,32.1294623655914
211,HB_SOUTH,2017,08,28.315026881720435
212,HB_SOUTH,2017,09,25.515097222222227
213,HB_SOUTH,2017,10,25.563655913978497
214,HB_SOUTH,2017,11,23.977180555555556
215,HB_SOUTH,2017,12,21.997916666666665
216,HB_SOUTH,2018,01,39.49814516129032
217,HB_SOUTH,2018,02,22.30639880952381
218,HB_SOUTH,2018,03,22.888452220726784
219,HB_SOUTH,2018,04,24.47188888888889
220,HB_SOUTH,2018,05,34.226075268817205
221,HB_SOUTH,2018,06,30.06863888888889
222,HB_SOUTH,2018,07,78.84737903225806
223,HB_SOUTH,2018,08,31.66752688172043
224,HB_SOUTH,2018,09,27.18980555555556
225,HB_SOUTH,2018,10,29.772513440860216
226,HB_SOUTH,2018,11,29.837180555555555
227,HB_SOUTH,2018,12,30.08930107526882
228,HB_SOUTH,2019,01,25.08606182795699
229,HB_SOUTH,2019,02,22.12563988095238
230,HB_SOUTH,2019,03,27.13555854643338
231,HB_SOUTH,2019,04,22.463333333333335
232,HB_SOUTH,2019,05,24.05994623655914
233,HB_SOUTH,2019,06,23.90436111111111
234,HB_SOUTH,2019,07,29.6375
235,HB_SOUTH,2019,08,125.93654569892472
236,HB_SOUTH,2019,09,78.90047222222223
237,HB_SOUTH,2019,10,29.468400537634405
238,HB_SOUTH,2019,11,23.718555555555557
239,HB_SOUTH,2019,12,18.95251344086022
240,HB_WEST,2016,01,19.126559139784945
241,HB_WEST,2016,02,14.988663793103449
242,HB_WEST,2016,03,15.871668909825036
243,HB_WEST,2016,04,16.862750000000002
244,HB_WEST,2016,05,17.337674731182794
245,HB_WEST,2016,06,23.141930555555554
246,HB_WEST,2016,07,26.543561827956985
247,HB_WEST,2016,08,29.78673387096774
248,HB_WEST,2016,09,26.35425
249,HB_WEST,2016,10,24.113938172043007
250,HB_WEST,2016,11,18.778416666666665
251,HB_WEST,2016,12,24.86266129032258
252,HB_WEST,2017,01,21.901720430107527
253,HB_WEST,2017,02,17.61668154761905
254,HB_WEST,2017,03,19.813593539703902
255,HB_WEST,2017,04,19.99609722222222
256,HB_WEST,2017,05,22.166612903225804
257,HB_WEST,2017,06,25.331694444444445
258,HB_WEST,2017,07,30.293642473118283
259,HB_WEST,2017,08,26.817043010752684
260,HB_WEST,2017,09,22.678819444444443
261,HB_WEST,2017,10,21.69383064516129
262,HB_WEST,2017,11,21.00179166666667
263,HB_WEST,2017,12,20.338037634408604
264,HB_WEST,2018,01,36.05163978494623
265,HB_WEST,2018,02,21.087604166666665
266,HB_WEST,2018,03,20.333620457604308
267,HB_WEST,2018,04,17.156625000000002
268,HB_WEST,2018,05,27.692016129032258
269,HB_WEST,2018,06,28.277027777777775
270,HB_WEST,2018,07,78.51755376344086
271,HB_WEST,2018,08,31.56012096774194
272,HB_WEST,2018,09,26.13959722222222
273,HB_WEST,2018,10,28.76133064516129
274,HB_WEST,2018,11,28.71525
275,HB_WEST,2018,12,29.944005376344087
276,HB_WEST,2019,01,23.881545698924736
277,HB_WEST,2019,02,20.491160714285712
278,HB_WEST,2019,03,25.669676985195153
279,HB_WEST,2019,04,19.551875
280,HB_WEST,2019,05,22.702661290322578
281,HB_WEST,2019,06,24.70855555555556
282,HB_WEST,2019,07,29.455470430107525
283,HB_WEST,2019,08,126.3152822580645
284,HB_WEST,2019,09,78.42925
285,HB_WEST,2019,10,24.668131720430107
286,HB_WEST,2019,11,21.66026388888889
287,HB_WEST,2019,12,18.136424731182796
288,LZ_AEN,2016,01,19.324663978494623
289,LZ_AEN,2016,02,15.448290229885055
290,LZ_AEN,2016,03,16.85507402422611
291,LZ_AEN,2016,04,18.256069444444446
292,LZ_AEN,2016,05,18.124905913978495
293,LZ_AEN,2016,06,24.23751388888889
294,LZ_AEN,2016,07,27.976102150537635
295,LZ_AEN,2016,08,30.69951612903226
296,LZ_AEN,2016,09,26.71086111111111
297,LZ_AEN,2016,10,25.622903225806454
298,LZ_AEN,2016,11,19.640041666666665
299,LZ_AEN,2016,12,25.870174731182797
300,LZ_AEN,2017,01,23.404475806451615
301,LZ_AEN,2017,02,20.605327380952378
302,LZ_AEN,2017,03,22.99701211305518
303,LZ_AEN,2017,04,24.118083333333328
304,LZ_AEN,2017,05,25.293844086021505
305,LZ_AEN,2017,06,27.916638888888894
306,LZ_AEN,2017,07,31.401438172043008
307,LZ_AEN,2017,08,27.46561827956989
308,LZ_AEN,2017,09,24.62880555555555
309,LZ_AEN,2017,10,24.01990591397849
310,LZ_AEN,2017,11,23.019444444444446
311,LZ_AEN,2017,12,21.06293010752688
312,LZ_AEN,2018,01,38.83798387096774
313,LZ_AEN,2018,02,21.91388392857143
314,LZ_AEN,2018,03,22.202826379542397
315,LZ_AEN,2018,04,22.18848611111111
316,LZ_AEN,2018,05,33.16616935483871
317,LZ_AEN,2018,06,30.286125000000002
318,LZ_AEN,2018,07,78.95137096774195
319,LZ_AEN,2018,08,31.732137096774192
320,LZ_AEN,2018,09,27.167305555555554
321,LZ_AEN,2018,10,30.31
322,LZ_AEN,2018,11,30.468083333333333
323,LZ_AEN,2018,12,30.094758064516128
324,LZ_AEN,2019,01,25.107956989247313
325,LZ_AEN,2019,02,21.513809523809524
326,LZ_AEN,2019,03,27.74218034993271
327,LZ_AEN,2019,04,23.270347222222224
328,LZ_AEN,2019,05,24.676236559139785
329,LZ_AEN,2019,06,24.41679166666666
330,LZ_AEN,2019,07,29.709086021505374
331,LZ_AEN,2019,08,126.52692204301073
332,LZ_AEN,2019,09,80.16959722222222
333,LZ_AEN,2019,10,29.280443548387098
334,LZ_AEN,2019,11,24.40801388888889
335,LZ_AEN,2019,12,19.05170698924731
336,LZ_CPS,2016,01,19.353844086021507
337,LZ_CPS,2016,02,15.520014367816092
338,LZ_CPS,2016,03,16.898183041722746
339,LZ_CPS,2016,04,19.06936111111111
340,LZ_CPS,2016,05,18.47986559139785
341,LZ_CPS,2016,06,24.95806944444444
342,LZ_CPS,2016,07,27.967956989247316
343,LZ_CPS,2016,08,31.306572580645163
344,LZ_CPS,2016,09,28.130249999999997
345,LZ_CPS,2016,10,26.250295698924734
346,LZ_CPS,2016,11,21.714666666666666
347,LZ_CPS,2016,12,26.596424731182797
348,LZ_CPS,2017,01,23.772567204301076
349,LZ_CPS,2017,02,20.919479166666665
350,LZ_CPS,2017,03,23.861547779273216
351,LZ_CPS,2017,04,25.337902777777778
352,LZ_CPS,2017,05,26.53702956989247
353,LZ_CPS,2017,06,30.416
354,LZ_CPS,2017,07,32.11529569892473
355,LZ_CPS,2017,08,28.137567204301074
356,LZ_CPS,2017,09,25.136652777777776
357,LZ_CPS,2017,10,25.275954301075267
358,LZ_CPS,2017,11,23.572569444444444
359,LZ_CPS,2017,12,22.04837365591398
360,LZ_CPS,2018,01,41.31287634408602
361,LZ_CPS,2018,02,22.517395833333335
362,LZ_CPS,2018,03,25.2892732166891
363,LZ_CPS,2018,04,26.535375000000002
364,LZ_CPS,2018,05,36.05559139784946
365,LZ_CPS,2018,06,30.727277777777775
366,LZ_CPS,2018,07,79.12443548387097
367,LZ_CPS,2018,08,31.86568548387097
368,LZ_CPS,2018,09,27.512986111111108
369,LZ_CPS,2018,10,31.635967741935485
370,LZ_CPS,2018,11,32.04120833333333
371,LZ_CPS,2018,12,30.309220430107523
372,LZ_CPS,2019,01,26.798333333333332
373,LZ_CPS,2019,02,24.110119047619047
374,LZ_CPS,2019,03,29.351695827725433
375,LZ_CPS,2019,04,25.363597222222225
376,LZ_CPS,2019,05,26.246075268817208
377,LZ_CPS,2019,06,26.391291666666667
378,LZ_CPS,2019,07,30.66717741935484
379,LZ_CPS,2019,08,127.69620967741938
380,LZ_CPS,2019,09,82.43634722222222
381,LZ_CPS,2019,10,33.55360215053763
382,LZ_CPS,2019,11,25.57513888888889
383,LZ_CPS,2019,12,19.997862903225805
384,LZ_HOUSTON,2016,01,19.56393817204301
385,LZ_HOUSTON,2016,02,15.487988505747126
386,LZ_HOUSTON,2016,03,17.20672947510094
387,LZ_HOUSTON,2016,04,19.128930555555556
388,LZ_HOUSTON,2016,05,19.90399193548387
389,LZ_HOUSTON,2016,06,29.915083333333335
390,LZ_HOUSTON,2016,07,29.911868279569887
391,LZ_HOUSTON,2016,08,33.56354838709677
392,LZ_HOUSTON,2016,09,29.032680555555554
393,LZ_HOUSTON,2016,10,28.54581989247312
394,LZ_HOUSTON,2016,11,20.437680555555556
395,LZ_HOUSTON,2016,12,25.73684139784946
396,LZ_HOUSTON,2017,01,24.827365591397847
397,LZ_HOUSTON,2017,02,23.51721726190476
398,LZ_HOUSTON,2017,03,28.742005383580082
399,LZ_HOUSTON,2017,04,32.96706944444445
400,LZ_HOUSTON,2017,05,32.36264784946237
401,LZ_HOUSTON,2017,06,33.66891666666667
402,LZ_HOUSTON,2017,07,34.725833333333334
403,LZ_HOUSTON,2017,08,30.031478494623652
404,LZ_HOUSTON,2017,09,27.410027777777778
405,LZ_HOUSTON,2017,10,31.33938172043011
406,LZ_HOUSTON,2017,11,26.339624999999998
407,LZ_HOUSTON,2017,12,21.979784946236556
408,LZ_HOUSTON,2018,01,38.04498655913978
409,LZ_HOUSTON,2018,02,22.375848214285714
410,LZ_HOUSTON,2018,03,23.933458950201885
411,LZ_HOUSTON,2018,04,24.728347222222222
412,LZ_HOUSTON,2018,05,35.53303763440861
413,LZ_HOUSTON,2018,06,31.80234722222222
414,LZ_HOUSTON,2018,07,79.56653225806451
415,LZ_HOUSTON,2018,08,32.159623655913975
416,LZ_HOUSTON,2018,09,27.722416666666668
417,LZ_HOUSTON,2018,10,31.781115591397853
418,LZ_HOUSTON,2018,11,31.730333333333327
419,LZ_HOUSTON,2018,12,30.462069892473117
420,LZ_HOUSTON,2019,01,25.550080645161287
421,LZ_HOUSTON,2019,02,21.644255952380952
422,LZ_HOUSTON,2019,03,28.080323014804847
423,LZ_HOUSTON,2019,04,24.264583333333334
424,LZ_HOUSTON,2019,05,25.153615591397852
425,LZ_HOUSTON,2019,06,27.226736111111112
426,LZ_HOUSTON,2019,07,30.013064516129035
427,LZ_HOUSTON,2019,08,126.69338709677417
428,LZ_HOUSTON,2019,09,80.77929166666667
429,LZ_HOUSTON,2019,10,30.642379032258066
430,LZ_HOUSTON,2019,11,24.181611111111113
431,LZ_HOUSTON,2019,12,18.919852150537633
432,LZ_LCRA,2016,01,19.317459677419354
433,LZ_LCRA,2016,02,15.488548850574714
434,LZ_LCRA,2016,03,16.796298788694482
435,LZ_LCRA,2016,04,18.392708333333335
436,LZ_LCRA,2016,05,18.182782258064517
437,LZ_LCRA,2016,06,24.164416666666664
438,LZ_LCRA,2016,07,27.592217741935485
439,LZ_LCRA,2016,08,31.175577956989244
440,LZ_LCRA,2016,09,27.03994444444444
441,LZ_LCRA,2016,10,26.068440860215055
442,LZ_LCRA,2016,11,19.541680555555555
443,LZ_LCRA,2016,12,25.487876344086025
444,LZ_LCRA,2017,01,23.436276881720424
445,LZ_LCRA,2017,02,20.66081845238095
446,LZ_LCRA,2017,03,23.437133243607
447,LZ_LCRA,2017,04,24.47741666666667
448,LZ_LCRA,2017,05,25.63795698924731
449,LZ_LCRA,2017,06,28.639083333333332
450,LZ_LCRA,2017,07,31.905712365591395
451,LZ_LCRA,2017,08,27.678010752688174
452,LZ_LCRA,2017,09,24.81343055555556
453,LZ_LCRA,2017,10,24.484260752688172
454,LZ_LCRA,2017,11,23.047125
455,LZ_LCRA,2017,12,21.11766129032258
456,LZ_LCRA,2018,01,38.992567204301075
457,LZ_LCRA,2018,02,21.762247023809525
458,LZ_LCRA,2018,03,22.05130551816958
459,LZ_LCRA,2018,04,22.644027777777776
460,LZ_LCRA,2018,05,34.73540322580645
461,LZ_LCRA,2018,06,30.365555555555552
462,LZ_LCRA,2018,07,79.06994623655915
463,LZ_LCRA,2018,08,31.807970430107527
464,LZ_LCRA,2018,09,27.187263888888893
465,LZ_LCRA,2018,10,30.06987903225806
466,LZ_LCRA,2018,11,30.515805555555556
467,LZ_LCRA,2018,12,30.58266129032258
468,LZ_LCRA,2019,01,24.93630376344086
469,LZ_LCRA,2019,02,21.666979166666668
470,LZ_LCRA,2019,03,27.649313593539702
471,LZ_LCRA,2019,04,23.31476388888889
472,LZ_LCRA,2019,05,24.508682795698924
473,LZ_LCRA,2019,06,24.519541666666665
474,LZ_LCRA,2019,07,29.74791666666666
475,LZ_LCRA,2019,08,126.67076612903226
476,LZ_LCRA,2019,09,82.46723611111112
477,LZ_LCRA,2019,10,29.015806451612907
478,LZ_LCRA,2019,11,24.485222222222223
479,LZ_LCRA,2019,12,19.456881720430104
480,LZ_NORTH,2016,01,19.187997311827957
481,LZ_NORTH,2016,02,15.462212643678162
482,LZ_NORTH,2016,03,17.461507402422612
483,LZ_NORTH,2016,04,19.087638888888886
484,LZ_NORTH,2016,05,18.182889784946237
485,LZ_NORTH,2016,06,23.562680555555556
486,LZ_NORTH,2016,07,27.41577956989247
487,LZ_NORTH,2016,08,30.148575268817204
488,LZ_NORTH,2016,09,26.605861111111114
489,LZ_NORTH,2016,10,24.53266129032258
490,LZ_NORTH,2016,11,18.83051388888889
491,LZ_NORTH,2016,12,25.286250000000003
492,LZ_NORTH,2017,01,23.60302419354839
493,LZ_NORTH,2017,02,19.550014880952382
494,LZ_NORTH,2017,03,21.83940780619112
495,LZ_NORTH,2017,04,21.975805555555556
496,LZ_NORTH,2017,05,24.557513440860216
497,LZ_NORTH,2017,06,26.893736111111107
498,LZ_NORTH,2017,07,31.186841397849467
499,LZ_NORTH,2017,08,27.0603629032258
500,LZ_NORTH,2017,09,23.96840277777778
501,LZ_NORTH,2017,10,21.938427419354838
502,LZ_NORTH,2017,11,22.263166666666667
503,LZ_NORTH,2017,12,21.40813172043011
504,LZ_NORTH,2018,01,37.72852150537635
505,LZ_NORTH,2018,02,21.84046130952381
506,LZ_NORTH,2018,03,22.64055181695828
507,LZ_NORTH,2018,04,24.366888888888887
508,LZ_NORTH,2018,05,37.45188172043011
509,LZ_NORTH,2018,06,31.301611111111114
510,LZ_NORTH,2018,07,79.84618279569892
511,LZ_NORTH,2018,08,31.971586021505377
512,LZ_NORTH,2018,09,27.885847222222225
513,LZ_NORTH,2018,10,31.645416666666666
514,LZ_NORTH,2018,11,31.974124999999997
515,LZ_NORTH,2018,12,31.13194892473118
516,LZ_NORTH,2019,01,24.367836021505376
517,LZ_NORTH,2019,02,20.851145833333334
518,LZ_NORTH,2019,03,28.59403768506057
519,LZ_NORTH,2019,04,23.718430555555557
520,LZ_NORTH,2019,05,24.011451612903226
521,LZ_NORTH,2019,06,25.207916666666662
522,LZ_NORTH,2019,07,29.834946236559137
523,LZ_NORTH,2019,08,126.6009139784946
524,LZ_NORTH,2019,09,80.77415277777777
525,LZ_NORTH,2019,10,28.732943548387095
526,LZ_NORTH,2019,11,24.153611111111108
527,LZ_NORTH,2019,12,19.006801075268818
528,LZ_RAYBN,2016,01,19.447943548387098
529,LZ_RAYBN,2016,02,15.400431034482759
530,LZ_RAYBN,2016,03,17.117240915208612
531,LZ_RAYBN,2016,04,18.85536111111111
532,LZ_RAYBN,2016,05,18.320994623655913
533,LZ_RAYBN,2016,06,23.315944444444444
534,LZ_RAYBN,2016,07,27.4710752688172
535,LZ_RAYBN,2016,08,30.149758064516128
536,LZ_RAYBN,2016,09,26.47026388888889
537,LZ_RAYBN,2016,10,24.452513440860212
538,LZ_RAYBN,2016,11,18.875319444444443
539,LZ_RAYBN,2016,12,25.319556451612904
540,LZ_RAYBN,2017,01,23.39010752688172
541,LZ_RAYBN,2017,02,20.369151785714287
542,LZ_RAYBN,2017,03,21.907160161507402
543,LZ_RAYBN,2017,04,22.213430555555554
544,LZ_RAYBN,2017,05,24.00133064516129
545,LZ_RAYBN,2017,06,26.125041666666664
546,LZ_RAYBN,2017,07,30.760497311827955
547,LZ_RAYBN,2017,08,26.8248252688172
548,LZ_RAYBN,2017,09,23.535680555555558
549,LZ_RAYBN,2017,10,21.379932795698924
550,LZ_RAYBN,2017,11,21.829180555555553
551,LZ_RAYBN,2017,12,21.312607526881717
552,LZ_RAYBN,2018,01,39.37014784946236
553,LZ_RAYBN,2018,02,22.403169642857144
554,LZ_RAYBN,2018,03,23.8057065948856
555,LZ_RAYBN,2018,04,27.198875000000005
556,LZ_RAYBN,2018,05,40.95125
557,LZ_RAYBN,2018,06,31.94558333333333
558,LZ_RAYBN,2018,07,84.90190860215054
559,LZ_RAYBN,2018,08,32.51872311827957
560,LZ_RAYBN,2018,09,27.680888888888887
561,LZ_RAYBN,2018,10,30.624959677419355
562,LZ_RAYBN,2018,11,33.452444444444446
563,LZ_RAYBN,2018,12,31.55353494623656
564,LZ_RAYBN,2019,01,24.41149193548387
565,LZ_RAYBN,2019,02,21.066279761904763
566,LZ_RAYBN,2019,03,29.809798115746972
567,LZ_RAYBN,2019,04,24.998305555555554
568,LZ_RAYBN,2019,05,24.78815860215054
569,LZ_RAYBN,2019,06,25.45851388888889
570,LZ_RAYBN,2019,07,30.029717741935485
571,LZ_RAYBN,2019,08,126.89788978494623
572,LZ_RAYBN,2019,09,80.6986388888889
573,LZ_RAYBN,2019,10,28.55438172043011
574,LZ_RAYBN,2019,11,24.517569444444447
575,LZ_RAYBN,2019,12,19.085067204301076
576,LZ_SOUTH,2016,01,19.48172043010753
577,LZ_SOUTH,2016,02,15.935862068965516
578,LZ_SOUTH,2016,03,19.52114401076716
579,LZ_SOUTH,2016,04,20.738
580,LZ_SOUTH,2016,05,20.691747311827957
581,LZ_SOUTH,2016,06,27.471652777777784
582,LZ_SOUTH,2016,07,28.88958333333333
583,LZ_SOUTH,2016,08,31.823306451612904
584,LZ_SOUTH,2016,09,28.76201388888889
585,LZ_SOUTH,2016,10,30.031034946236563
586,LZ_SOUTH,2016,11,20.63338888888889
587,LZ_SOUTH,2016,12,26.32684139784946
588,LZ_SOUTH,2017,01,25.155483870967743
589,LZ_SOUTH,2017,02,21.793690476190477
590,LZ_SOUTH,2017,03,26.528209959623148
591,LZ_SOUTH,2017,04,28.54988888888889
592,LZ_SOUTH,2017,05,29.979731182795703
593,LZ_SOUTH,2017,06,36.78344444444445
594,LZ_SOUTH,2017,07,34.19329301075268
595,LZ_SOUTH,2017,08,33.45784946236559
596,LZ_SOUTH,2017,09,28.330347222222226
597,LZ_SOUTH,2017,10,28.464018817204302
598,LZ_SOUTH,2017,11,27.86572222222222
599,LZ_SOUTH,2017,12,25.404220430107525
600,LZ_SOUTH,2018,01,46.13256720430107
601,LZ_SOUTH,2018,02,25.19703869047619
602,LZ_SOUTH,2018,03,26.759973082099595
603,LZ_SOUTH,2018,04,28.18697222222222
604,LZ_SOUTH,2018,05,41.27442204301075
605,LZ_SOUTH,2018,06,32.25868055555556
606,LZ_SOUTH,2018,07,80.44756720430107
607,LZ_SOUTH,2018,08,33.690631720430105
608,LZ_SOUTH,2018,09,28.38376388888889
609,LZ_SOUTH,2018,10,32.12697580645161
610,LZ_SOUTH,2018,11,33.54448611111111
611,LZ_SOUTH,2018,12,32.11272849462365
612,LZ_SOUTH,2019,01,27.057903225806452
613,LZ_SOUTH,2019,02,23.728958333333335
614,LZ_SOUTH,2019,03,30.52948855989233
615,LZ_SOUTH,2019,04,27.147833333333338
616,LZ_SOUTH,2019,05,27.210994623655917
617,LZ_SOUTH,2019,06,27.259597222222222
618,LZ_SOUTH,2019,07,31.132163978494624
619,LZ_SOUTH,2019,08,127.10901881720429
620,LZ_SOUTH,2019,09,81.00911111111111
621,LZ_SOUTH,2019,10,32.942110215053766
622,LZ_SOUTH,2019,11,25.80370833333333
623,LZ_SOUTH,2019,12,19.78688172043011
624,LZ_WEST,2016,01,19.51926075268817
625,LZ_WEST,2016,02,15.044482758620688
626,LZ_WEST,2016,03,16.002651413189774
627,LZ_WEST,2016,04,17.153666666666666
628,LZ_WEST,2016,05,17.73752688172043
629,LZ_WEST,2016,06,23.48876388888889
630,LZ_WEST,2016,07,27.178790322580646
631,LZ_WEST,2016,08,30.010564516129033
632,LZ_WEST,2016,09,26.767666666666667
633,LZ_WEST,2016,10,25.182258064516127
634,LZ_WEST,2016,11,19.343138888888888
635,LZ_WEST,2016,12,25.165819892473113
636,LZ_WEST,2017,01,23.231370967741935
637,LZ_WEST,2017,02,18.477053571428574
638,LZ_WEST,2017,03,20.251197846567965
639,LZ_WEST,2017,04,20.388569444444446
640,LZ_WEST,2017,05,22.86779569892473
641,LZ_WEST,2017,06,27.512319444444444
642,LZ_WEST,2017,07,31.130174731182795
643,LZ_WEST,2017,08,27.21391129032258
644,LZ_WEST,2017,09,27.011777777777784
645,LZ_WEST,2017,10,22.17331989247312
646,LZ_WEST,2017,11,22.152916666666666
647,LZ_WEST,2017,12,21.87225806451613
648,LZ_WEST,2018,01,37.29330645161291
649,LZ_WEST,2018,02,22.12410714285714
650,LZ_WEST,2018,03,22.30162853297443
651,LZ_WEST,2018,04,21.128125
652,LZ_WEST,2018,05,49.60012096774193
653,LZ_WEST,2018,06,57.96752777777777
654,LZ_WEST,2018,07,101.47096774193548
655,LZ_WEST,2018,08,33.289852150537634
656,LZ_WEST,2018,09,27.101097222222222
657,LZ_WEST,2018,10,30.004556451612903
658,LZ_WEST,2018,11,31.224027777777778
659,LZ_WEST,2018,12,34.98084677419355
660,LZ_WEST,2019,01,27.461532258064512
661,LZ_WEST,2019,02,22.79895833333333
662,LZ_WEST,2019,03,31.28296096904441
663,LZ_WEST,2019,04,21.699236111111112
664,LZ_WEST,2019,05,28.851989247311828
665,LZ_WEST,2019,06,32.026777777777774
666,LZ_WEST,2019,07,32.07568548387097
667,LZ_WEST,2019,08,128.87646505376344
668,LZ_WEST,2019,09,83.47113888888889
669,LZ_WEST,2019,10,49.38336021505376
670,LZ_WEST,2019,11,49.340847222222216
671,LZ_WEST,2019,12,39.5025940860215
672,HB_PAN,2016,01,
673,HB_PAN,2016,02,
674,HB_PAN,2016,03,
675,HB_PAN,2016,04,
676,HB_PAN,2016,05,
677,HB_PAN,2016,06,
678,HB_PAN,2016,07,
679,HB_PAN,2016,08,
680,HB_PAN,2016,09,
681,HB_PAN,2016,10,
682,HB_PAN,2016,11,
683,HB_PAN,2016,12,
684,HB_PAN,2017,01,
685,HB_PAN,2017,02,
686,HB_PAN,2017,03,
687,HB_PAN,2017,04,
688,HB_PAN,2017,05,
689,HB_PAN,2017,06,
690,HB_PAN,2017,07,
691,HB_PAN,2017,08,
692,HB_PAN,2017,09,
693,HB_PAN,2017,10,
694,HB_PAN,2017,11,
695,HB_PAN,2017,12,
696,HB_PAN,2018,01,
697,HB_PAN,2018,02,
698,HB_PAN,2018,03,
699,HB_PAN,2018,04,
700,HB_PAN,2018,05,
701,HB_PAN,2018,06,
702,HB_PAN,2018,07,
703,HB_PAN,2018,08,
704,HB_PAN,2018,09,
705,HB_PAN,2018,10,
706,HB_PAN,2018,11,
707,HB_PAN,2018,12,
708,HB_PAN,2019,01,
709,HB_PAN,2019,02,
710,HB_PAN,2019,03,
711,HB_PAN,2019,04,16.548766666666666
712,HB_PAN,2019,05,16.414327956989244
713,HB_PAN,2019,06,20.731319444444445
714,HB_PAN,2019,07,28.38456989247312
715,HB_PAN,2019,08,124.99173387096775
716,HB_PAN,2019,09,72.85329166666666
717,HB_PAN,2019,10,18.716760752688174
718,HB_PAN,2019,11,11.661291666666669
719,HB_PAN,2019,12,8.817244623655915
