,SettelementPoint,Year,Hour,Volatility
0,HB_BUSAVG,2016,00,0.40333022990545325
1,HB_BUSAVG,2016,01,0.47959333644792945
2,HB_BUSAVG,2016,02,0.5242269986466845
3,HB_BUSAVG,2016,03,0.48596262482125496
4,HB_BUSAVG,2016,04,0.4235938199363993
5,HB_BUSAVG,2016,05,0.3563382921912529
6,HB_BUSAVG,2016,06,0.38215906821435575
7,HB_BUSAVG,2016,07,0.29714247224714335
8,HB_BUSAVG,2016,08,0.22040990278074812
9,HB_BUSAVG,2016,09,0.20702111168673618
10,HB_BUSAVG,2016,10,0.20195089742196343
11,HB_BUSAVG,2016,11,0.2411414926380525
12,HB_BUSAVG,2016,12,0.28542010028767095
13,HB_BUSAVG,2016,13,0.3652154297845961
14,HB_BUSAVG,2016,14,0.4596873210652696
15,HB_BUSAVG,2016,15,0.5657359422490266
16,HB_BUSAVG,2016,16,0.5723117823452227
17,HB_BUSAVG,2016,17,0.3487620238936275
18,HB_BUSAVG,2016,18,0.24260415242130717
19,HB_BUSAVG,2016,19,0.23809617994014554
20,HB_BUSAVG,2016,20,0.2373994160959747
21,HB_BUSAVG,2016,21,0.25043179290991113
22,HB_BUSAVG,2016,22,0.2572033816919649
23,HB_BUSAVG,2016,23,0.30778650837783533
24,HB_BUSAVG,2017,00,0.2662853456872861
25,HB_BUSAVG,2017,01,0.329116986384447
26,HB_BUSAVG,2017,02,0.3656317675540235
27,HB_BUSAVG,2017,03,0.33499595331948073
28,HB_BUSAVG,2017,04,0.29726150569159693
29,HB_BUSAVG,2017,05,0.19583619662629917
30,HB_BUSAVG,2017,06,0.20547650428280184
31,HB_BUSAVG,2017,07,0.17093637376827064
32,HB_BUSAVG,2017,08,0.14382722553499155
33,HB_BUSAVG,2017,09,0.12318023316106858
34,HB_BUSAVG,2017,10,0.12365803646180913
35,HB_BUSAVG,2017,11,0.15855231930147198
36,HB_BUSAVG,2017,12,0.2042969928894106
37,HB_BUSAVG,2017,13,0.2773344476082351
38,HB_BUSAVG,2017,14,0.35655538347335
39,HB_BUSAVG,2017,15,0.4538228623110033
40,HB_BUSAVG,2017,16,0.43505164345057434
41,HB_BUSAVG,2017,17,0.2304214927536533
42,HB_BUSAVG,2017,18,0.18034666694425455
43,HB_BUSAVG,2017,19,0.16095615007383984
44,HB_BUSAVG,2017,20,0.17533162665478402
45,HB_BUSAVG,2017,21,0.1464398785944226
46,HB_BUSAVG,2017,22,0.1589833010761114
47,HB_BUSAVG,2017,23,0.1900977576390374
48,HB_BUSAVG,2018,00,0.26338588006977304
49,HB_BUSAVG,2018,01,0.28548460377463913
50,HB_BUSAVG,2018,02,0.3065696181048634
51,HB_BUSAVG,2018,03,0.2997207595626215
52,HB_BUSAVG,2018,04,0.29826181092055243
53,HB_BUSAVG,2018,05,0.3165938713447381
54,HB_BUSAVG,2018,06,0.47808792386640425
55,HB_BUSAVG,2018,07,0.4360100847167079
56,HB_BUSAVG,2018,08,0.32627550028012303
57,HB_BUSAVG,2018,09,0.2529466309725165
58,HB_BUSAVG,2018,10,0.21343664612614632
59,HB_BUSAVG,2018,11,0.2065664270014693
60,HB_BUSAVG,2018,12,0.26037596634170895
61,HB_BUSAVG,2018,13,0.3742952615907734
62,HB_BUSAVG,2018,14,0.5592253661192376
63,HB_BUSAVG,2018,15,0.7442844061568952
64,HB_BUSAVG,2018,16,0.7947013756972903
65,HB_BUSAVG,2018,17,0.6061109037992355
66,HB_BUSAVG,2018,18,0.3391922745238883
67,HB_BUSAVG,2018,19,0.25440486607976986
68,HB_BUSAVG,2018,20,0.22841028249965992
69,HB_BUSAVG,2018,21,0.2057330731403871
70,HB_BUSAVG,2018,22,0.20678365353309272
71,HB_BUSAVG,2018,23,0.22660041781453055
72,HB_BUSAVG,2019,00,0.266960247361357
73,HB_BUSAVG,2019,01,0.30352885060186763
74,HB_BUSAVG,2019,02,0.31831780255891046
75,HB_BUSAVG,2019,03,0.30056806663827124
76,HB_BUSAVG,2019,04,0.2774790352809968
77,HB_BUSAVG,2019,05,0.27055338796156225
78,HB_BUSAVG,2019,06,0.4737028000865621
79,HB_BUSAVG,2019,07,0.41399887226905985
80,HB_BUSAVG,2019,08,0.3083598134568758
81,HB_BUSAVG,2019,09,0.26718784440759813
82,HB_BUSAVG,2019,10,0.22082063812720876
83,HB_BUSAVG,2019,11,0.2268849462294495
84,HB_BUSAVG,2019,12,0.33479154869168315
85,HB_BUSAVG,2019,13,0.6596439944264825
86,HB_BUSAVG,2019,14,0.9122383923554964
87,HB_BUSAVG,2019,15,1.093229955916346
88,HB_BUSAVG,2019,16,1.1027909873888742
89,HB_BUSAVG,2019,17,0.7738173315586782
90,HB_BUSAVG,2019,18,0.4031993937897571
91,HB_BUSAVG,2019,19,0.2855122641128499
92,HB_BUSAVG,2019,20,0.2546649408987186
93,HB_BUSAVG,2019,21,0.19788177334461254
94,HB_BUSAVG,2019,22,0.19329260990051308
95,HB_BUSAVG,2019,23,0.21346193427416538
96,HB_HOUSTON,2016,00,0.3961138802497282
97,HB_HOUSTON,2016,01,0.462564079644799
98,HB_HOUSTON,2016,02,0.50697186808753
99,HB_HOUSTON,2016,03,0.47125181926991694
100,HB_HOUSTON,2016,04,0.4145602727270525
101,HB_HOUSTON,2016,05,0.35339338406374055
102,HB_HOUSTON,2016,06,0.37706728848542126
103,HB_HOUSTON,2016,07,0.2953687062195615
104,HB_HOUSTON,2016,08,0.21948986136168733
105,HB_HOUSTON,2016,09,0.20842987573324342
106,HB_HOUSTON,2016,10,0.21517969190158898
107,HB_HOUSTON,2016,11,0.26527346534933954
108,HB_HOUSTON,2016,12,0.33067216954734024
109,HB_HOUSTON,2016,13,0.42938322929478423
110,HB_HOUSTON,2016,14,0.5288368932971679
111,HB_HOUSTON,2016,15,0.6194205337336972
112,HB_HOUSTON,2016,16,0.6117330783833758
113,HB_HOUSTON,2016,17,0.3731071289773874
114,HB_HOUSTON,2016,18,0.2456319660912932
115,HB_HOUSTON,2016,19,0.24066363354962134
116,HB_HOUSTON,2016,20,0.2361108058851432
117,HB_HOUSTON,2016,21,0.24678900305853868
118,HB_HOUSTON,2016,22,0.25757180220468684
119,HB_HOUSTON,2016,23,0.2980784710564403
120,HB_HOUSTON,2017,00,0.2466081229369585
121,HB_HOUSTON,2017,01,0.282663623775373
122,HB_HOUSTON,2017,02,0.31045733212337673
123,HB_HOUSTON,2017,03,0.28145871477207807
124,HB_HOUSTON,2017,04,0.2499024353758872
125,HB_HOUSTON,2017,05,0.17127408293675708
126,HB_HOUSTON,2017,06,0.19811545311512596
127,HB_HOUSTON,2017,07,0.1715787091670374
128,HB_HOUSTON,2017,08,0.1491994309631916
129,HB_HOUSTON,2017,09,0.1323079725745365
130,HB_HOUSTON,2017,10,0.15348572760166115
131,HB_HOUSTON,2017,11,0.20064920206977604
132,HB_HOUSTON,2017,12,0.26701680907215813
133,HB_HOUSTON,2017,13,0.36522954179573414
134,HB_HOUSTON,2017,14,0.4703411334951394
135,HB_HOUSTON,2017,15,0.5549633515788078
136,HB_HOUSTON,2017,16,0.522750489506762
137,HB_HOUSTON,2017,17,0.26806173779578724
138,HB_HOUSTON,2017,18,0.18473446289552561
139,HB_HOUSTON,2017,19,0.16646691212633877
140,HB_HOUSTON,2017,20,0.18253425266184803
141,HB_HOUSTON,2017,21,0.14008869973785648
142,HB_HOUSTON,2017,22,0.15564713545084766
143,HB_HOUSTON,2017,23,0.1778555877801564
144,HB_HOUSTON,2018,00,0.23582747625241604
145,HB_HOUSTON,2018,01,0.25811981734549927
146,HB_HOUSTON,2018,02,0.2817398547757505
147,HB_HOUSTON,2018,03,0.277081151988167
148,HB_HOUSTON,2018,04,0.27846355107723014
149,HB_HOUSTON,2018,05,0.30387837206805607
150,HB_HOUSTON,2018,06,0.4660445682956326
151,HB_HOUSTON,2018,07,0.42501067037795015
152,HB_HOUSTON,2018,08,0.316992775488177
153,HB_HOUSTON,2018,09,0.24189594167845366
154,HB_HOUSTON,2018,10,0.20234785214323484
155,HB_HOUSTON,2018,11,0.19391131746830273
156,HB_HOUSTON,2018,12,0.24323342456002575
157,HB_HOUSTON,2018,13,0.3559287880373282
158,HB_HOUSTON,2018,14,0.5412958574450325
159,HB_HOUSTON,2018,15,0.7259424468396658
160,HB_HOUSTON,2018,16,0.7794568222523888
161,HB_HOUSTON,2018,17,0.589617408378416
162,HB_HOUSTON,2018,18,0.3189793233462221
163,HB_HOUSTON,2018,19,0.2358000272303925
164,HB_HOUSTON,2018,20,0.20839969915186468
165,HB_HOUSTON,2018,21,0.18421455209710083
166,HB_HOUSTON,2018,22,0.17887193091980408
167,HB_HOUSTON,2018,23,0.19936467878318176
168,HB_HOUSTON,2019,00,0.24189012158173953
169,HB_HOUSTON,2019,01,0.2767469638729861
170,HB_HOUSTON,2019,02,0.2894178247138307
171,HB_HOUSTON,2019,03,0.270759981250523
172,HB_HOUSTON,2019,04,0.2482439396302125
173,HB_HOUSTON,2019,05,0.24773605994574172
174,HB_HOUSTON,2019,06,0.4620297580013339
175,HB_HOUSTON,2019,07,0.39957398540134204
176,HB_HOUSTON,2019,08,0.2909920889220084
177,HB_HOUSTON,2019,09,0.24700823652949633
178,HB_HOUSTON,2019,10,0.1984035615975234
179,HB_HOUSTON,2019,11,0.20783860997550818
180,HB_HOUSTON,2019,12,0.32096492168121504
181,HB_HOUSTON,2019,13,0.6482247575993361
182,HB_HOUSTON,2019,14,0.8994398451399813
183,HB_HOUSTON,2019,15,1.080259371925714
184,HB_HOUSTON,2019,16,1.0893758252807992
185,HB_HOUSTON,2019,17,0.7609213529997082
186,HB_HOUSTON,2019,18,0.3864270766638541
187,HB_HOUSTON,2019,19,0.26565056546525395
188,HB_HOUSTON,2019,20,0.2322545182299663
189,HB_HOUSTON,2019,21,0.17264205188812484
190,HB_HOUSTON,2019,22,0.1706319777827418
191,HB_HOUSTON,2019,23,0.1869528393006855
192,HB_HUBAVG,2016,00,0.41947431001645447
193,HB_HUBAVG,2016,01,0.4963173910898572
194,HB_HUBAVG,2016,02,0.5399852842725222
195,HB_HUBAVG,2016,03,0.49835054490574343
196,HB_HUBAVG,2016,04,0.4342724286341983
197,HB_HUBAVG,2016,05,0.36563355158417987
198,HB_HUBAVG,2016,06,0.38640340112294647
199,HB_HUBAVG,2016,07,0.3015322629334866
200,HB_HUBAVG,2016,08,0.22411657694324807
201,HB_HUBAVG,2016,09,0.21033976694658835
202,HB_HUBAVG,2016,10,0.20623801162395086
203,HB_HUBAVG,2016,11,0.24663616348170525
204,HB_HUBAVG,2016,12,0.2943849318337216
205,HB_HUBAVG,2016,13,0.3777445682707164
206,HB_HUBAVG,2016,14,0.4727907334537293
207,HB_HUBAVG,2016,15,0.5756813023613851
208,HB_HUBAVG,2016,16,0.5796069822423779
209,HB_HUBAVG,2016,17,0.354040859910849
210,HB_HUBAVG,2016,18,0.24599151445772582
211,HB_HUBAVG,2016,19,0.2434934180288906
212,HB_HUBAVG,2016,20,0.24218275888589888
213,HB_HUBAVG,2016,21,0.2584899068780419
214,HB_HUBAVG,2016,22,0.268503297376522
215,HB_HUBAVG,2016,23,0.32043864596549676
216,HB_HUBAVG,2017,00,0.28965609539605325
217,HB_HUBAVG,2017,01,0.35201230846806825
218,HB_HUBAVG,2017,02,0.39118093451462366
219,HB_HUBAVG,2017,03,0.3596791116069353
220,HB_HUBAVG,2017,04,0.3165013334817521
221,HB_HUBAVG,2017,05,0.21119347088042012
222,HB_HUBAVG,2017,06,0.2039350327356463
223,HB_HUBAVG,2017,07,0.16968224504170853
224,HB_HUBAVG,2017,08,0.1427053707733852
225,HB_HUBAVG,2017,09,0.12185055336888446
226,HB_HUBAVG,2017,10,0.12383731705471791
227,HB_HUBAVG,2017,11,0.16182114468934272
228,HB_HUBAVG,2017,12,0.2103989551066563
229,HB_HUBAVG,2017,13,0.28872120045660304
230,HB_HUBAVG,2017,14,0.37352206623568207
231,HB_HUBAVG,2017,15,0.4682548404869088
232,HB_HUBAVG,2017,16,0.4464762933140821
233,HB_HUBAVG,2017,17,0.23015288862321467
234,HB_HUBAVG,2017,18,0.1776472606099531
235,HB_HUBAVG,2017,19,0.15970756692172136
236,HB_HUBAVG,2017,20,0.17634028548267192
237,HB_HUBAVG,2017,21,0.14821574528291478
238,HB_HUBAVG,2017,22,0.17101007737683774
239,HB_HUBAVG,2017,23,0.21207048669404535
240,HB_HUBAVG,2018,00,0.2943797361379254
241,HB_HUBAVG,2018,01,0.3229239697484398
242,HB_HUBAVG,2018,02,0.3443131278949536
243,HB_HUBAVG,2018,03,0.3328949143862438
244,HB_HUBAVG,2018,04,0.3259803306496186
245,HB_HUBAVG,2018,05,0.3317751789734325
246,HB_HUBAVG,2018,06,0.483038182430599
247,HB_HUBAVG,2018,07,0.44178384787349323
248,HB_HUBAVG,2018,08,0.33304792478816203
249,HB_HUBAVG,2018,09,0.26127657082924927
250,HB_HUBAVG,2018,10,0.22361753807347742
251,HB_HUBAVG,2018,11,0.216751561454009
252,HB_HUBAVG,2018,12,0.2671055529778124
253,HB_HUBAVG,2018,13,0.3771935590533055
254,HB_HUBAVG,2018,14,0.5604145319263978
255,HB_HUBAVG,2018,15,0.7438673489929323
256,HB_HUBAVG,2018,16,0.7945291222702938
257,HB_HUBAVG,2018,17,0.6073483691695957
258,HB_HUBAVG,2018,18,0.34549848298182845
259,HB_HUBAVG,2018,19,0.26208881321681554
260,HB_HUBAVG,2018,20,0.2346653268094883
261,HB_HUBAVG,2018,21,0.21750503916632868
262,HB_HUBAVG,2018,22,0.22287613647606458
263,HB_HUBAVG,2018,23,0.2511765502496977
264,HB_HUBAVG,2019,00,0.29229517275050754
265,HB_HUBAVG,2019,01,0.3284462061941003
266,HB_HUBAVG,2019,02,0.3440772791065906
267,HB_HUBAVG,2019,03,0.3254521837147645
268,HB_HUBAVG,2019,04,0.2994980442810166
269,HB_HUBAVG,2019,05,0.28439457736291257
270,HB_HUBAVG,2019,06,0.4788653863912869
271,HB_HUBAVG,2019,07,0.41863062902602177
272,HB_HUBAVG,2019,08,0.31264885905203843
273,HB_HUBAVG,2019,09,0.2712979996860136
274,HB_HUBAVG,2019,10,0.2263216318304732
275,HB_HUBAVG,2019,11,0.2331848455283809
276,HB_HUBAVG,2019,12,0.34035517385747704
277,HB_HUBAVG,2019,13,0.6633937953032901
278,HB_HUBAVG,2019,14,0.915864119329243
279,HB_HUBAVG,2019,15,1.0961076907783007
280,HB_HUBAVG,2019,16,1.1059284057149306
281,HB_HUBAVG,2019,17,0.7775809211419231
282,HB_HUBAVG,2019,18,0.4089479869429568
283,HB_HUBAVG,2019,19,0.29066567080224054
284,HB_HUBAVG,2019,20,0.2602241437976093
285,HB_HUBAVG,2019,21,0.20677360034420422
286,HB_HUBAVG,2019,22,0.20741202047880677
287,HB_HUBAVG,2019,23,0.23501782655321796
288,HB_NORTH,2016,00,0.38858347803149085
289,HB_NORTH,2016,01,0.46481349081156903
290,HB_NORTH,2016,02,0.5108337479753317
291,HB_NORTH,2016,03,0.47621628239553915
292,HB_NORTH,2016,04,0.4137910225128049
293,HB_NORTH,2016,05,0.34716653508605577
294,HB_NORTH,2016,06,0.37878354271998566
295,HB_NORTH,2016,07,0.29164898041495896
296,HB_NORTH,2016,08,0.21602287213495378
297,HB_NORTH,2016,09,0.20450362040370407
298,HB_NORTH,2016,10,0.19897854838809903
299,HB_NORTH,2016,11,0.2365757913781745
300,HB_NORTH,2016,12,0.27419810412322343
301,HB_NORTH,2016,13,0.3479137523544501
302,HB_NORTH,2016,14,0.4408489112894595
303,HB_NORTH,2016,15,0.5513002355584181
304,HB_NORTH,2016,16,0.5612455627494066
305,HB_NORTH,2016,17,0.3424411047514288
306,HB_NORTH,2016,18,0.24119956798342398
307,HB_NORTH,2016,19,0.23460261393549753
308,HB_NORTH,2016,20,0.23691403838711916
309,HB_NORTH,2016,21,0.24621876027254563
310,HB_NORTH,2016,22,0.24603306508536263
311,HB_NORTH,2016,23,0.29640957086780373
312,HB_NORTH,2017,00,0.25808423347876236
313,HB_NORTH,2017,01,0.3299321690859735
314,HB_NORTH,2017,02,0.36331685329598795
315,HB_NORTH,2017,03,0.3265900792084731
316,HB_NORTH,2017,04,0.29413163130494974
317,HB_NORTH,2017,05,0.1914807999152229
318,HB_NORTH,2017,06,0.21634066039092106
319,HB_NORTH,2017,07,0.17916554842146348
320,HB_NORTH,2017,08,0.15283706154555143
321,HB_NORTH,2017,09,0.13598035670724445
322,HB_NORTH,2017,10,0.13773575960289752
323,HB_NORTH,2017,11,0.16790059532499094
324,HB_NORTH,2017,12,0.21019743770909574
325,HB_NORTH,2017,13,0.2737088281099151
326,HB_NORTH,2017,14,0.343015528909061
327,HB_NORTH,2017,15,0.44346768486687976
328,HB_NORTH,2017,16,0.42978990725734717
329,HB_NORTH,2017,17,0.24905622219417148
330,HB_NORTH,2017,18,0.1994183774877515
331,HB_NORTH,2017,19,0.17655411590533854
332,HB_NORTH,2017,20,0.1860032194502099
333,HB_NORTH,2017,21,0.15871592995343103
334,HB_NORTH,2017,22,0.1601476715556281
335,HB_NORTH,2017,23,0.17965459684319235
336,HB_NORTH,2018,00,0.24677255872734896
337,HB_NORTH,2018,01,0.26155188002362384
338,HB_NORTH,2018,02,0.2818740219648401
339,HB_NORTH,2018,03,0.2800816656024255
340,HB_NORTH,2018,04,0.28227875592298374
341,HB_NORTH,2018,05,0.3097565647931774
342,HB_NORTH,2018,06,0.47750616500849
343,HB_NORTH,2018,07,0.43391363864147126
344,HB_NORTH,2018,08,0.3238452459569556
345,HB_NORTH,2018,09,0.24941347409098572
346,HB_NORTH,2018,10,0.21004584317051114
347,HB_NORTH,2018,11,0.20521725699180104
348,HB_NORTH,2018,12,0.26385009818751304
349,HB_NORTH,2018,13,0.38110781679127487
350,HB_NORTH,2018,14,0.5660295065629232
351,HB_NORTH,2018,15,0.7519753688230373
352,HB_NORTH,2018,16,0.8010298580734382
353,HB_NORTH,2018,17,0.6115179942975185
354,HB_NORTH,2018,18,0.3429957098424274
355,HB_NORTH,2018,19,0.25764611751596117
356,HB_NORTH,2018,20,0.2317358815986446
357,HB_NORTH,2018,21,0.2053373039799496
358,HB_NORTH,2018,22,0.20334298727460723
359,HB_NORTH,2018,23,0.2145956682539692
360,HB_NORTH,2019,00,0.259366532525914
361,HB_NORTH,2019,01,0.29564892989606156
362,HB_NORTH,2019,02,0.3099167115633837
363,HB_NORTH,2019,03,0.2924036019246591
364,HB_NORTH,2019,04,0.27204724615076664
365,HB_NORTH,2019,05,0.2702814406970535
366,HB_NORTH,2019,06,0.47516819046295883
367,HB_NORTH,2019,07,0.4171669173007447
368,HB_NORTH,2019,08,0.31284393771013147
369,HB_NORTH,2019,09,0.2737827837624345
370,HB_NORTH,2019,10,0.22810403033888044
371,HB_NORTH,2019,11,0.23274729675019404
372,HB_NORTH,2019,12,0.33921429910638806
373,HB_NORTH,2019,13,0.661723519229481
374,HB_NORTH,2019,14,0.9142814174086955
375,HB_NORTH,2019,15,1.0956942134189371
376,HB_NORTH,2019,16,1.1049978515798524
377,HB_NORTH,2019,17,0.7748421557451022
378,HB_NORTH,2019,18,0.40322090792434034
379,HB_NORTH,2019,19,0.2888991503955614
380,HB_NORTH,2019,20,0.26003972074328213
381,HB_NORTH,2019,21,0.20380005933105366
382,HB_NORTH,2019,22,0.19695877564004421
383,HB_NORTH,2019,23,0.20774751659986554
384,HB_SOUTH,2016,00,0.40134303737294796
385,HB_SOUTH,2016,01,0.4810651468666236
386,HB_SOUTH,2016,02,0.5251823073679773
387,HB_SOUTH,2016,03,0.4862994294407415
388,HB_SOUTH,2016,04,0.4265944687799718
389,HB_SOUTH,2016,05,0.38628446633906427
390,HB_SOUTH,2016,06,0.5552565730010994
391,HB_SOUTH,2016,07,0.5008780617479861
392,HB_SOUTH,2016,08,0.4597080529507376
393,HB_SOUTH,2016,09,0.4634444323151397
394,HB_SOUTH,2016,10,0.24613335638914222
395,HB_SOUTH,2016,11,0.2564238884935998
396,HB_SOUTH,2016,12,0.2959455190130936
397,HB_SOUTH,2016,13,0.38093455507421575
398,HB_SOUTH,2016,14,0.49543447015875874
399,HB_SOUTH,2016,15,0.5849717996269829
400,HB_SOUTH,2016,16,0.5836024783468616
401,HB_SOUTH,2016,17,0.3567790422435284
402,HB_SOUTH,2016,18,0.24200473008188608
403,HB_SOUTH,2016,19,0.23807008271045804
404,HB_SOUTH,2016,20,0.23567036227827193
405,HB_SOUTH,2016,21,0.24755979329632222
406,HB_SOUTH,2016,22,0.25871917500773656
407,HB_SOUTH,2016,23,0.30401466989465464
408,HB_SOUTH,2017,00,0.26034820219774196
409,HB_SOUTH,2017,01,0.31588345421961594
410,HB_SOUTH,2017,02,0.35375501274776777
411,HB_SOUTH,2017,03,0.3288192937270647
412,HB_SOUTH,2017,04,0.2879482492564137
413,HB_SOUTH,2017,05,0.19026451093351104
414,HB_SOUTH,2017,06,0.19923869034112834
415,HB_SOUTH,2017,07,0.16741717371831658
416,HB_SOUTH,2017,08,0.13898175397940726
417,HB_SOUTH,2017,09,0.11603417337381335
418,HB_SOUTH,2017,10,0.11351127601417009
419,HB_SOUTH,2017,11,0.15223565292368718
420,HB_SOUTH,2017,12,0.20105664123990238
421,HB_SOUTH,2017,13,0.28050881230391883
422,HB_SOUTH,2017,14,0.3680885204534801
423,HB_SOUTH,2017,15,0.46304284087055325
424,HB_SOUTH,2017,16,0.4410474091576842
425,HB_SOUTH,2017,17,0.22324654964010057
426,HB_SOUTH,2017,18,0.16524906343376833
427,HB_SOUTH,2017,19,0.14510056427875626
428,HB_SOUTH,2017,20,0.16189872139907102
429,HB_SOUTH,2017,21,0.1291390406532296
430,HB_SOUTH,2017,22,0.14508544090665962
431,HB_SOUTH,2017,23,0.1866376465715374
432,HB_SOUTH,2018,00,0.24532484094487667
433,HB_SOUTH,2018,01,0.2740449721921939
434,HB_SOUTH,2018,02,0.29772799300690056
435,HB_SOUTH,2018,03,0.2853908099120819
436,HB_SOUTH,2018,04,0.2840837933990363
437,HB_SOUTH,2018,05,0.30520896110341555
438,HB_SOUTH,2018,06,0.4707532673626825
439,HB_SOUTH,2018,07,0.4325115272919416
440,HB_SOUTH,2018,08,0.32478771518512506
441,HB_SOUTH,2018,09,0.25344954410275394
442,HB_SOUTH,2018,10,0.21035209183700146
443,HB_SOUTH,2018,11,0.20010514991006453
444,HB_SOUTH,2018,12,0.2504251631860587
445,HB_SOUTH,2018,13,0.36233399655667087
446,HB_SOUTH,2018,14,0.5500526849791708
447,HB_SOUTH,2018,15,0.7345059576660615
448,HB_SOUTH,2018,16,0.785005096941362
449,HB_SOUTH,2018,17,0.596450254992461
450,HB_SOUTH,2018,18,0.3263114964932242
451,HB_SOUTH,2018,19,0.23959739619684686
452,HB_SOUTH,2018,20,0.22068175389197006
453,HB_SOUTH,2018,21,0.1965134794801204
454,HB_SOUTH,2018,22,0.19250893204603584
455,HB_SOUTH,2018,23,0.21025476508566876
456,HB_SOUTH,2019,00,0.25391663298798006
457,HB_SOUTH,2019,01,0.289342342065641
458,HB_SOUTH,2019,02,0.30509488159970155
459,HB_SOUTH,2019,03,0.2890143188863959
460,HB_SOUTH,2019,04,0.2627094448251242
461,HB_SOUTH,2019,05,0.25933613329972877
462,HB_SOUTH,2019,06,0.46567930252322703
463,HB_SOUTH,2019,07,0.40162925243844805
464,HB_SOUTH,2019,08,0.29437537537505365
465,HB_SOUTH,2019,09,0.24990515188759665
466,HB_SOUTH,2019,10,0.19911062088543027
467,HB_SOUTH,2019,11,0.20553699619620225
468,HB_SOUTH,2019,12,0.31539364602862474
469,HB_SOUTH,2019,13,0.6485635420700364
470,HB_SOUTH,2019,14,0.9017479074997309
471,HB_SOUTH,2019,15,1.082889679936161
472,HB_SOUTH,2019,16,1.0927277006971066
473,HB_SOUTH,2019,17,0.7678773227783311
474,HB_SOUTH,2019,18,0.3992354687732692
475,HB_SOUTH,2019,19,0.2734321624897405
476,HB_SOUTH,2019,20,0.23961814691910346
477,HB_SOUTH,2019,21,0.18155900108189252
478,HB_SOUTH,2019,22,0.17214646075393528
479,HB_SOUTH,2019,23,0.1975023513809867
480,HB_WEST,2016,00,0.4881060004990548
481,HB_WEST,2016,01,0.6722533533588212
482,HB_WEST,2016,02,0.662375671073439
483,HB_WEST,2016,03,0.6983552264172945
484,HB_WEST,2016,04,0.5279672161741449
485,HB_WEST,2016,05,0.43188075395122294
486,HB_WEST,2016,06,0.41274156897750663
487,HB_WEST,2016,07,0.31102492227361256
488,HB_WEST,2016,08,0.23146094363218192
489,HB_WEST,2016,09,0.2211327087356811
490,HB_WEST,2016,10,0.21845964619821973
491,HB_WEST,2016,11,0.25858890991866074
492,HB_WEST,2016,12,0.296921665112753
493,HB_WEST,2016,13,0.3733001957879692
494,HB_WEST,2016,14,0.46653929096550567
495,HB_WEST,2016,15,0.5714314593868645
496,HB_WEST,2016,16,0.5759112678960114
497,HB_WEST,2016,17,0.36907648166817075
498,HB_WEST,2016,18,0.28379768961921426
499,HB_WEST,2016,19,0.2925694036338532
500,HB_WEST,2016,20,0.303041067061532
501,HB_WEST,2016,21,0.35415809693037364
502,HB_WEST,2016,22,0.36130814379595283
503,HB_WEST,2016,23,0.45902280461402745
504,HB_WEST,2017,00,0.7934990755083492
505,HB_WEST,2017,01,0.7546518247000091
506,HB_WEST,2017,02,0.7763126794617284
507,HB_WEST,2017,03,0.7255476792387404
508,HB_WEST,2017,04,0.7016974518076686
509,HB_WEST,2017,05,0.5283529868882765
510,HB_WEST,2017,06,0.29360976597243504
511,HB_WEST,2017,07,0.23399807608162068
512,HB_WEST,2017,08,0.2010523938251243
513,HB_WEST,2017,09,0.18008064547407465
514,HB_WEST,2017,10,0.1792396752210684
515,HB_WEST,2017,11,0.21505049117305927
516,HB_WEST,2017,12,0.25866716740403256
517,HB_WEST,2017,13,0.32090604796824984
518,HB_WEST,2017,14,0.395841113092399
519,HB_WEST,2017,15,0.48430171470213956
520,HB_WEST,2017,16,0.4661103777289012
521,HB_WEST,2017,17,0.2945529925894753
522,HB_WEST,2017,18,0.26639448906244234
523,HB_WEST,2017,19,0.2563345570872221
524,HB_WEST,2017,20,0.2749601557124545
525,HB_WEST,2017,21,0.3020555977357681
526,HB_WEST,2017,22,0.4042138409137951
527,HB_WEST,2017,23,0.611608345330669
528,HB_WEST,2018,00,0.8649231139438752
529,HB_WEST,2018,01,0.7451107473823576
530,HB_WEST,2018,02,0.747064688037931
531,HB_WEST,2018,03,0.6706185905327745
532,HB_WEST,2018,04,0.6587270412972306
533,HB_WEST,2018,05,0.5585631600908177
534,HB_WEST,2018,06,0.6572741090892753
535,HB_WEST,2018,07,0.6043103138985882
536,HB_WEST,2018,08,0.5082739068486009
537,HB_WEST,2018,09,0.44542271165649666
538,HB_WEST,2018,10,0.4312911343460264
539,HB_WEST,2018,11,0.42941492098326767
540,HB_WEST,2018,12,0.4972392936567309
541,HB_WEST,2018,13,0.5830819221574569
542,HB_WEST,2018,14,0.7231239062594438
543,HB_WEST,2018,15,0.8772871838740908
544,HB_WEST,2018,16,0.8717588516145729
545,HB_WEST,2018,17,0.7158444361922472
546,HB_WEST,2018,18,0.61119532866167
547,HB_WEST,2018,19,0.4511069260393828
548,HB_WEST,2018,20,0.39866410998112045
549,HB_WEST,2018,21,0.48479807890934207
550,HB_WEST,2018,22,0.5474924752242393
551,HB_WEST,2018,23,0.7885218357052552
552,HB_WEST,2019,00,0.7599474298447384
553,HB_WEST,2019,01,0.7586689719006762
554,HB_WEST,2019,02,0.7711193841581614
555,HB_WEST,2019,03,0.8667104712870676
556,HB_WEST,2019,04,0.6981692679100028
557,HB_WEST,2019,05,0.5957411105615464
558,HB_WEST,2019,06,0.7274598933546368
559,HB_WEST,2019,07,0.5690969469589195
560,HB_WEST,2019,08,0.4762978780902584
561,HB_WEST,2019,09,0.45400806702198965
562,HB_WEST,2019,10,0.4281483498714611
563,HB_WEST,2019,11,0.4326590694724414
564,HB_WEST,2019,12,0.515096161535989
565,HB_WEST,2019,13,0.7678369853091271
566,HB_WEST,2019,14,1.0193892887321352
567,HB_WEST,2019,15,1.1849900636071524
568,HB_WEST,2019,16,1.1921930241095322
569,HB_WEST,2019,17,0.863400540108972
570,HB_WEST,2019,18,0.5120044077693277
571,HB_WEST,2019,19,0.4158516188532747
572,HB_WEST,2019,20,0.42388497824562493
573,HB_WEST,2019,21,0.4471604962759425
574,HB_WEST,2019,22,0.5248478763873222
575,HB_WEST,2019,23,0.7092632713624558
576,HB_PAN,2016,00,
577,HB_PAN,2016,01,
578,HB_PAN,2016,02,
579,HB_PAN,2016,03,
580,HB_PAN,2016,04,
581,HB_PAN,2016,05,
582,HB_PAN,2016,06,
583,HB_PAN,2016,07,
584,HB_PAN,2016,08,
585,HB_PAN,2016,09,
586,HB_PAN,2016,10,
587,HB_PAN,2016,11,
588,HB_PAN,2016,12,
589,HB_PAN,2016,13,
590,HB_PAN,2016,14,
591,HB_PAN,2016,15,
592,HB_PAN,2016,16,
593,HB_PAN,2016,17,
594,HB_PAN,2016,18,
595,HB_PAN,2016,19,
596,HB_PAN,2016,20,
597,HB_PAN,2016,21,
598,HB_PAN,2016,22,
599,HB_PAN,2016,23,
600,HB_PAN,2017,00,
601,HB_PAN,2017,01,
602,HB_PAN,2017,02,
603,HB_PAN,2017,03,
604,HB_PAN,2017,04,
605,HB_PAN,2017,05,
606,HB_PAN,2017,06,
607,HB_PAN,2017,07,
608,HB_PAN,2017,08,
609,HB_PAN,2017,09,
610,HB_PAN,2017,10,
611,HB_PAN,2017,11,
612,HB_PAN,2017,12,
613,HB_PAN,2017,13,
614,HB_PAN,2017,14,
615,HB_PAN,2017,15,
616,HB_PAN,2017,16,
617,HB_PAN,2017,17,
618,HB_PAN,2017,18,
619,HB_PAN,2017,19,
620,HB_PAN,2017,20,
621,HB_PAN,2017,21,
622,HB_PAN,2017,22,
623,HB_PAN,2017,23,
624,HB_PAN,2018,00,
625,HB_PAN,2018,01,
626,HB_PAN,2018,02,
627,HB_PAN,2018,03,
628,HB_PAN,2018,04,
629,HB_PAN,2018,05,
630,HB_PAN,2018,06,
631,HB_PAN,2018,07,
632,HB_PAN,2018,08,
633,HB_PAN,2018,09,
634,HB_PAN,2018,10,
635,HB_PAN,2018,11,
636,HB_PAN,2018,12,
637,HB_PAN,2018,13,
638,HB_PAN,2018,14,
639,HB_PAN,2018,15,
640,HB_PAN,2018,16,
641,HB_PAN,2018,17,
642,HB_PAN,2018,18,
643,HB_PAN,2018,19,
644,HB_PAN,2018,20,
645,HB_PAN,2018,21,
646,HB_PAN,2018,22,
647,HB_PAN,2018,23,
648,HB_PAN,2019,00,1.0109840419102714
649,HB_PAN,2019,01,0.9461953328853033
650,HB_PAN,2019,02,0.71688369492385
651,HB_PAN,2019,03,0.9431880711370667
652,HB_PAN,2019,04,0.7167948378263687
653,HB_PAN,2019,05,0.8682444211559769
654,HB_PAN,2019,06,0.8894268689909686
655,HB_PAN,2019,07,0.7035710483623439
656,HB_PAN,2019,08,0.7092295524164854
657,HB_PAN,2019,09,0.7016867048885412
658,HB_PAN,2019,10,0.5305231953769644
659,HB_PAN,2019,11,0.6914922287244184
660,HB_PAN,2019,12,0.9280195552881684
661,HB_PAN,2019,13,1.0596918979117005
662,HB_PAN,2019,14,1.2023159370957104
663,HB_PAN,2019,15,1.4835827377908288
664,HB_PAN,2019,16,1.6015432358167858
665,HB_PAN,2019,17,1.0886456050916091
666,HB_PAN,2019,18,0.9967471724709404
667,HB_PAN,2019,19,0.726966280899191
668,HB_PAN,2019,20,0.9105209820848488
669,HB_PAN,2019,21,1.0735261290875815
670,HB_PAN,2019,22,0.6675651760345087
671,HB_PAN,2019,23,0.8157415870482502
